"Median","Lower","Upper","Distance"
0.432538562514271,0.192746617566297,0.70994276123103,10
0.431966425744219,0.192687596044086,0.7091725201255,11
0.431338310407942,0.192615377524704,0.708389556236539,12
0.43065425835265,0.192528493125166,0.707593690774178,13
0.429914350174165,0.192425451801079,0.70678474355286,14
0.429118702865762,0.192304743302713,0.705962533023278,15
0.428267467918301,0.192164841057078,0.705126876306207,16
0.427360829750151,0.19200420502017,0.704277589228396,17
0.426399004382396,0.191821284533181,0.703414486360574,18
0.425382238299131,0.19161452120883,0.702537381057618,19
0.424310807448987,0.191382351868256,0.701646085500939,20
0.42318501635541,0.191123211544421,0.700740410743156,21
0.422005197311211,0.190835536564393,0.699820166755094,22
0.420771709638673,0.190517767719909,0.698885162475165,23
0.419484939000765,0.190168353533146,0.697935205861204,24
0.418145296752152,0.189785753622435,0.696970103944788,25
0.416753219321074,0.18936844217072,0.695989662888116,26
0.415309167615014,0.188914911497821,0.69499368804348,27
0.413813626444465,0.188423675735928,0.693981984015407,28
0.412267103960233,0.187893274606236,0.6929543547255,29
0.410670131100582,0.187322277293157,0.691910603480038,30
0.409023261045224,0.186709286411163,0.690850533040393,31
0.407327068673733,0.186052942057953,0.689773945696297,32
0.405582150026407,0.185351925946312,0.688680643342021,33
0.403789121765995,0.184604965605741,0.687570427555497,34
0.401948620638983,0.183810838643667,0.686443099680452,35
0.40006130293544,0.182968377054821,0.685298460911562,36
0.398127843946587,0.18207647156613,0.684136312382697,37
0.396148937419467,0.181134076003343,0.682956455258282,38
0.394125295008242,0.180140211664407,0.681758690827809,39
0.392057645721758,0.179093971683575,0.68054282060354,40
0.389946735367138,0.17799452536911,0.679308646421428,41
0.387793325989269,0.176841122496518,0.678055970545282,42
0.385598195306115,0.175633097538238,0.676784595774207,43
0.383362136139856,0.174369873809919,0.675494325553339,44
0.381085955843939,0.173050967512569,0.674184964087891,45
0.37877047572615,0.171675991649204,0.672856316460522,46
0.376416530467886,0.170244659794004,0.671508188752055,47
0.374024967539819,0.168756789691494,0.670140388165526,48
0.371596646614226,0.167212306662888,0.668752723153589,49
0.369132438974227,0.165611246796491,0.667345003549266,50
0.366633226920261,0.16395375989891,0.665917040700031,51
0.364099903174102,0.162240112183894,0.664468647605224,52
0.361533370280786,0.160470688675738,0.662999639056769,53
0.358934540008785,0.158645995304589,0.661509831783187,54
0.356304332748832,0.156766660671425,0.659999044596859,55
0.353643676911766,0.154833437461202,0.65846709854452,56
0.350953508325817,0.152847203483481,0.656913817060927,57
0.348234769633736,0.150808962320879,0.655339026125678,58
0.34548840969018,0.148719843566908,0.653742554423103,59
0.342715382959792,0.146581102636147,0.652124233505185,60
0.339916648916394,0.144394120131274,0.650483897957433,61
0.33709317144373,0.142160400753241,0.648821385567644,62
0.334245918238191,0.139881571742807,0.647136537497457,63
0.331375860213962,0.137559380843765,0.645429198456626,64
0.328483970911014,0.135195693780445,0.6436992168799,65
0.32557122590639,0.132792491244528,0.641946445106413,66
0.322638602229208,0.130351865388765,0.640170739561476,67
0.319687077779804,0.127876015827911,0.638371960940628,68
0.316717630753455,0.125367245149986,0.636549974395841,69
0.313731239069088,0.122827953943923,0.634704649723724,70
0.310728879803397,0.120260635352642,0.632835861555585,71
0.307711528630772,0.117667869163683,0.630943489549186,72
0.304680159269446,0.115052315452607,0.629027418582042,73
0.30163574293426,0.112416707797528,0.627087538946069,74
0.298579247796413,0.109763846086223,0.625123746543412,75
0.295511638450601,0.107096588940378,0.62313594308326,76
0.292433875389896,0.10441784578453,0.62112403627943,77
0.289346914488734,0.101730568590204,0.619087940048535,78
0.286251706494362,0.0990377433285756,0.617027574708493,79
0.283149196527073,0.0963423811676293,0.614942867177157,80
0.28004032358958,0.0936475094523406,0.612833751170839,81
0.276926020085823,0.0909561625086627,0.610700167402455,82
0.273807211349533,0.0882713723142149,0.608542063779065,83
0.270684815182839,0.0855961590803821,0.606359395598525,84
0.267559741405207,0.0829335217920973,0.604152125744987,85
0.264432891412974,0.0802864287528342,0.601920224882964,86
0.261305157749743,0.0776578081832772,0.599663671649679,87
0.258177423687875,0.0750505389227423,0.59738245284539,88
0.255050562821324,0.0724674412826768,0.595076563621403,89
0.251925438670017,0.0699112681014533,0.59274600766546,90
0.248802904295996,0.0673846960491978,0.590390797384179,91
0.245683801931514,0.0648903172305274,0.588010954082238,92
0.242568962619252,0.0624306311318353,0.585606508137967,93
0.23945920586484,0.0600080369581463,0.583177499175021,94
0.236355339301816,0.0576248264025686,0.580723976229799,95
0.23325815836917,0.0552831768890205,0.57824599791427,96
0.230168446001591,0.0529851453262025,0.575743632573858,97
0.227086972332533,0.0507326624077504,0.573216958440057,98
0.224014494410188,0.0485275274901562,0.570666063777404,99
0.220951755926448,0.0463714040764114,0.568091047024494,100
0.217899486958937,0.0442658159294322,0.565492016928659,101
0.214858403726149,0.0422121438352112,0.562869092673987,102
0.211829208355742,0.0402116230313283,0.560222404002321,103
0.208812588666016,0.0382653413119897,0.557552091326903,104
0.20580921796059,0.0363742378161864,0.554858305838316,105
0.202819754836269,0.0345391025009113,0.552141209602387,106
0.199844843004101,0.0327605762966925,0.549400975649729,107
0.196885111123589,0.0310391519380308,0.54663778805658,108
0.193941172650026,0.0293751754567195,0.543851842016629,109
0.191013625694899,0.0277688483215122,0.541043343903521,110
0.188103052899297,0.0262202302032419,0.538212511323724,111
0.18521002132026,0.02472924234031,0.535359573159474,112
0.18233508232996,0.0232956714755157,0.532484769601514,113
0.17947877152764,0.0219191743315039,0.529588352171345,114
0.17664160866418,0.0205992825887208,0.526670583732749,115
0.173824097579191,0.0193354083267088,0.523731738492315,116
0.171026726150477,0.0181268498868723,0.520772101988749,117
0.168249966255758,0.0169727981125308,0.517791971070757,118
0.165494273746466,0.0158723429201648,0.514791653863279,119
0.162760088433481,0.0148244801542662,0.511771469721919,120
0.160047834084621,0.0138281186771427,0.50873174917538,121
0.157357918433702,0.0128820876443958,0.505672833855778,122
0.154690733200996,0.0119851439166013,0.502595076416694,123
0.152046654124871,0.011135979557959,0.499498840438868,124
0.149426041004412,0.0103332293733385,0.496384500323438,125
0.146829237752819,0.00957547843621927,0.49325244117268,126
0.144256572461349,0.00886126956148169,0.490103058658188,127
0.141708357473578,0.00818911067882989,0.48693675887649,128
0.139184889469751,0.00755748206479816,0.483753958192097,129
0.136686449560974,0.00696484339376725,0.48055508306803,130
0.134213303393006,0.00640964057117378,0.47734056988386,131
0.1317657012594,0.00589031231509262,0.474110864741355,132
0.129343878223722,0.0054052964555743,0.470866423257836,133
0.126948054250606,0.00495303592448573,0.467607710347369,134
0.124578434345367,0.00453198441209476,0.464335199989951,135
0.122235208701894,0.00414061167021547,0.461049374988869,136
0.119918552858573,0.00377740844535145,0.457750726716443,137
0.117628627861931,0.00344089102889973,0.45443975484838,138
0.115365580437749,0.00312960541506885,0.451116967086995,139
0.113129543169344,0.00284213106068536,0.447782878873593,140
0.110920634682741,0.00257708424447795,0.444438013090294,141
0.108738959838452,0.00233312102670625,0.441082899751663,142
0.106584609929562,0.00210893981311271,0.437718075686471,143
0.104457662885849,0.00190328353009446,0.434344084209978,144
0.102358183483636,0.00171494142069609,0.430961474787141,145
0.100286223561092,0.00154275047349365,0.427570802687148,146
0.0982418222386846,0.00138559649866123,0.42417262862975,147
0.0962250061445075,0.00124241486747137,0.420767518423817,148
0.0942357896441773,0.00111219093317267,0.417356042598632,149
0.0922741750750256,0.000993960152608354,0.413938776028391,150
0.0903401529842915,0.000886807929086906,0.410516297550445,151
0.0884337023710337,0.000789869197895402,0.407089189577802,152
0.0865547909314763,0.000702327776461657,0.403658037706434,153
0.0847033753075091,0.000623415501534473,0.400223430317956,154
0.0828794013380625,0.000552411175872498,0.396785958178222,155
0.0810828043130827,0.000488639346826578,0.39334621403245,156
0.0793135092298332,0.000431468938884156,0.389904792197425,157
0.0775714310512531,0.000380311761735258,0.386462288151413,158
0.0758564749661074,0.000334620914737209,0.383019298122348,159
0.0741685366506653,0.000293889107819627,0.379576418674937,160
0.0725075025316498,0.000257646917903397,0.376134246297247,161
0.070873250050203,0.000225460998828085,0.372693376987423,162
0.0692656479266184,0.000196932261612767,0.369254405841119,163
0.0676845564255944,0.000171694040636006,0.365817926640254,164
0.0661298276217685,0.000149410260031656,0.362384531443706,165
0.0646013056652977,0.000129773613277367,0.35895481018053,166
0.063098827047253,0.000112503767619982,0.355529350246302,167
0.0616222208646042,9.73456036530791e-05,0.352108736103159,168
0.0601713090845746,8.40674990519417e-05,0.34869354888413,169
0.0587459068081518,7.24596641937866e-05,0.345284366002306,170
0.0573458225325456,6.23325361582323e-05,0.341881760765401,171
0.0559708584123901,5.35152364250268e-05,0.338486301996261,172
0.054620810519494,4.58540964716736e-05,0.335098553659819,173
0.0532954691009468,3.92112544297851e-05,0.331719074497022,174
0.0519946188353973,3.34633249911409e-05,0.328348417666221,175
0.0507180390873243,2.85001438663831e-05,0.324987130392484,176
0.049465504159128,2.4223587293411e-05,0.321635753625299,177
0.0482367835408755,2.05464663698722e-05,0.318294821705097,178
0.04703164215754,1.73914953444678e-05,0.314964862039005,179
0.0458498406135799,1.46903324437664e-05,0.31164639478622,180
0.044691135434711,1.23826913325509e-05,0.308339932553378,181
0.043555279306731,1.04155209032529e-05,0.305045980100259,182
0.0424420213112599,8.74225075991209e-06,0.30176503405615,183
0.0413511071582706,7.32209949991367e-06,0.298497582647161,184
0.0402822794152863,6.11944269765e-06,0.295244105434774,185
0.0392352777331288,5.10323735305009e-06,0.292005073065865,186
0.0382098390681107,4.24649947926549e-06,0.288780947034426,187
0.0372056979005658,3.52583146223126e-06,0.285572179455182,188
0.0362225864496236,2.92099582489386e-06,0.282379212849272,189
0.035260234884136,2.41453206525483e-06,0.279202479942152,190
0.034318371529673,1.99141330482981e-06,0.276042403473824,191
0.0333967230715087,1.63873957770214e-06,0.272899396021496,192
0.0324950147535257,1.3454647053707e-06,0.269773859834746,193
0.0316129705729723,1.10215383468087e-06,0.266666186683227,194
0.0307503134710118,9.0076886125766e-07,0.263576757716944,195
0.0299067655190102,7.34479115367738e-07,0.260505943339092,196
0.029082048100513,5.97494847730087e-07,0.257454103091431,197
0.0282758820888687,4.84921216558381e-07,0.254421585552157,198
0.0274879880204614,3.92630641506409e-07,0.251408728246185,199
0.0267180862635202,3.17151553014379e-07,0.24841585756776,200
0.02596589718248,2.55571724976623e-07,0.245443288715284,201
0.0252311412978695,2.05454533150809e-07,0.242491325638208,202
0.024513539441714,1.6476663008737e-07,0.239560260995864,203
0.0238128129084374,1.31815668633348e-07,0.236650376128042,204
0.0231286836012606,1.05196839564752e-07,0.233761941037125,205
0.0224608741740911,8.37471141561393e-08,0.230895214381588,206
0.02180910816891,6.65061992317247e-08,0.228050443480631,207
0.0211731101486609,5.26833203545167e-08,0.225227864329702,208
0.0205526058256532,4.16290483388641e-08,0.222427701626673,209
0.0199473221854968,3.28114753774356e-08,0.21965016880839,210
0.0193569876065859,0,0.216895468097333,211
0.0187813319751579,0,0.214163790558091,212
0.0182200867959527,0,0.211455316163354,213
0.0176729852985063,0,0.208770213869122,214
0.0171397625391107,0,0.206108641698806,215
0.0166201554984807,0,0.203470746835904,216
0.0161139031751668,0,0.200856665724933,217
0.0156207466747602,0,0.198266524180254,218
0.0151404292949366,0,0.195700437502491,219
0.014672696606389,0,0.193158510602169,220
0.0142172965297023,0,0.190640838130243,221
0.0137739794082252,0,0.188147504615166,222
0.0133424980769969,0,0.185678584606152,223
0.0129226079277893,0,0.183234142822285,224
0.0125140669703256,0,0.180814234307124,225
0.01211663588974,0,0.178418904588463,226
0.0117300781003446,0,0.176048189842894,227
0.0113541597957712,0,0.17370211706485,228
0.0109886499955557,0,0.171380704239761,229
0.0106333205882378,0,0.169083960521024,230
0.0102879463710468,0,0.166811886410429,231
0.0099523050862461,0,0.164564473941725,232
0.00962617745421219,0,0.162341706867024,233
0.00930934720332152,0,0.160143560845701,234
0.00900160109672256,0,0.157970003635507,235
0.008702728956069,0,0.15582099528559,236
0.00841252368229174,0,0.153696488331122,237
0.00813078127348731,0,0.151596427989257,238
0.00785730084000111,0,0.149520752356149,239
0.00759188461678376,0,0.14746939260474,240
0.00733433797309939,0,0.145442273183082,241
0.00708446941966465,0,0.14343931201292,242
0.00684209061329722,0,0.141460420688314,243
0.00660701635915236,0,0.139505504674038,244
0.00637906461062633,0,0.137574463503565,245
0.00615805646700463,0,0.135667190976385,246
0.00594381616893311,0,0.133783575354479,247
0.0057361710917895,0,0.131923499557731,248
0.00553495173703211,0,0.130086841358099,249
0.00533999172160239,0,0.128273473572357,250
0.00515112776545694,0,0.126483264253246,251
0.00496819967730408,0,0.124716076878861,252
0.00479105033861937,0,0.122971770540135,253
0.00461952568601332,0,0.121250200126255,254
0.00445347469202422,0,0.1195512165079,255
0.00429274934440739,0,0.117874666718145,256
0.00413720462399176,0,0.116220394130943,257
0.00398669848117326,0,0.114588238637042,258
0.00384109181111372,0,0.11297803681727,259
0.00370024842771244,0,0.111389622113056,260
0.0035640350364171,0,0.109822824994134,261
0.00343232120593865,0,0.10827747312333,262
0.00330497933893439,0,0.106753391518366,263
0.00318188464172157,0,0.105250402710622,264
0.003062915093083,0,0.103768326900786,265
0.00294795141222464,0,0.102306982111357,266
0.00283687702594366,0,0.100866184335944,267
0.00272957803506462,0,0.0994457476853262,268
0.00262594318019942,0,0.0980454845302483,269
0.00252586380688581,0,0.0966652056409165,270
0.0024292338301575,0,0.0953047203231796,271
0.00233594969859774,0,0.0939638365513787,272
0.00224591035792677,0,0.0926423610978562,273
0.00215901721417192,0,0.0913400996591169,274
0.00207517409646815,0,0.0900568569786445,275
0.00199428721953495,0,0.088792436966373,276
0.00191626514587435,0,0.0875466428148253,277
0.0018410187477334,0,0.0863192771119295,278
0.00176846116887282,0,0.0851101419505284,279
0.00169850778618243,0,0.0839190390346035,280
0.00163107617118235,0,0.0827457697822354,281
0.0015660860514476,0,0.0815901354253279,282
0.00150345927199242,0,0.0804519371061234,283
0.00144311975664917,0,0.0793309759705445,284
0.00138499346947547,0,0.078227053258393,285
0.00132900837622163,0,0.0771399703904455,286
0.00127509440588934,0,0.0760695290524859,287
0.00122318341241118,0,0.075015531276313,288
0.00117320913647922,0,0.0739777795177692,289
0.00112510716754967,0,0.0729560767318337,290
0.00107881490604936,0,0.0719502264448283,291
0.00103427152580852,0,0.0709600328237824,292
0.000991417936743227,0,0.0699853007430062,293
0.000950196747809522,0,0.0690258358479253,294
0.000910552230250159,0,0.0680814446162235,295
0.000872430281153818,0,0.0671519344163506,296
0.000835778387345377,0,0.0662371135634456,297
0.000800545589624848,0,0.065336791372729,298
0.000766682447371441,0,0.0644507782104202,299
0.000734141003528216,0,0.0635788855422321,300
0.000702874749981718,0,0.0627209259795001,301
0.000672838593350045,0,0.0618767133229989,302
0.000643988821191764,0,0.0610460626045031,303
0.000616283068647204,0,0.060228790126147,304
0.000589680285522693,0,0.0594247134976384,305
0.000564140703827445,0,0.0586336516713819,306
0.000539625805771906,0,0.0578554249755655,307
0.000516098292235556,0,0.0570898551452672,308
0.000493522051711333,0,0.0563367653516343,309
0.000471862129733063,0,0.0555959802291892,310
0.00045108469879152,0,0.0548673259013162,311
0.000431157028744009,0,0.0541506300039818,312
0.00041204745772164,0,0.0534457217077406,313
0.000393725363537804,0,0.0527524317380799,314
0.000376161135600674,0,0.052070592394152,315
0.000359326147331956,0,0.051400037565947,316
0.000343192729093475,0,0.0507406027499552,317
0.00032773414162261,0,0.0500921250633672,318
0.000312924549977056,0,0.0494544432568623,319
0.00029873899798882,0,0.0488273977260307,320
0.000285153383226865,0,0.0482108305214768,321
0.000272144432467341,0,0.0476045853576513,322
0.000259689677669852,0,0.0470085076204545,323
0.000247767432457798,0,0.0464224443736572,324
0.000236356769100364,0,0.0458462443641818,325
0.000225437495993386,0,0.0452797580262865,326
0.000214990135635915,0,0.0447228374846927,327
0.000204995903098932,0,0.0441753365567005,328
0.000195436684982367,0,0.0436371107533261,329
0.000186295018856228,0,0.0431080172795055,330
0.00017755407318137,0,0.0425879150334002,331
0.000169197627705136,0,0.0420766646048411,332
0.000161210054326855,0,0.04157412827295,333
0.000153576298427944,0,0.0410801700029705,334
0.000146281860661122,0,0.040594655442345,335
0.000139312779193044,0,0.0401174519160706,336
0.000132655612394469,0,0.0396484284213686,337
0.000126297421971909,0,0.0391874556216942,338
0.000120225756534522,0,0.038734405840124,339
0.0001144286355899,0,0.0382891530521469,340
0.000108894533962228,0,0.037851572877889,341
0.000103612366626221,0,0.0374215425738013,342
9.85714739500963e-05,0,0.0369989410238365,343
9.37616073407763e-05,0,0.0365836487301439,344
8.91729152844177e-05,0,0.0361755478033059,345
8.47959297753126e-05,0,0.0357745219521427,346
8.06215531261349e-05,0,0.0353804564731097,347
7.66410451524673e-05,0,0.0349932382393091,348
7.28460107245056e-05,0,0.0346127556891433,349
6.92283876788139e-05,0,0.0342388988146254,350
6.57804350829859e-05,0,0.0338715591493755,351
6.24947218460601e-05,0,0.0335106297563162,352
5.9364115667541e-05,0,0.0331560052150947,353
5.63817723178829e-05,0,0.0328075816092445,354
5.3541125243318e-05,0,0.0324652565131081,355
5.08358754879244e-05,0,0.0321289289785399,356
4.82599819258745e-05,0,0.031798499521404,357
4.58076517968287e-05,0,0.0314738701078843,358
4.34733315374972e-05,0,0.0311549441406248,359
4.12516979024314e-05,0,0.0308416264447132,360
3.91376493671711e-05,0,0.0305338232535243,361
3.71262978069284e-05,0,0.0302314421944362,362
3.52129604440598e-05,0,0.0299343922744347,363
3.33931520576447e-05,0,0.0296425838656182,364
3.16625774485649e-05,0,0.0293559286906153,365
3.00171241535574e-05,0,0.0290743398079277,366
2.8452855401794e-05,0,0.0287977315972118,367
2.69660033076287e-05,0,0.0285260197445073,368
2.55529622932378e-05,0,0.0282591212274257,369
2.42102827349724e-05,0,0.0279969543003074,370
0,0,0.0277394384793597,371
0,0,0.027486494527782,372
0,0,0.0272380444408897,373
0,0,0.0269940114312439,374
0,0,0.0267543199137963,375
0,0,0.0265188954910555,376
0,0,0.0262876649382842,377
0,0,0.0260605561887328,378
0,0,0.0258374983189161,379
0,0,0.0256184215339418,380
0,0,0.0254032571528928,381
0,0,0.0251919375942736,382
0,0,0.0249843963615229,383
0,0,0.0247805680285986,384
0,0,0.0245803882256419,385
0,0,0.0243837936247208,386
0,0,0.0241907219256633,387
0,0,0.0240011118419783,388
0,0,0.0238149030868727,389
0,0,0.0236320363593652,390
0,0,0.0234524533305035,391
0,0,0.0232760966296834,392
0,0,0.0231029098310785,393
0,0,0.0229328374401769,394
0,0,0.0227658248804344,395
0,0,0.0226018184800394,396
0,0,0.0224407654587979,397
0,0,0.022282613915137,398
0,0,0.022127312813229,399
0,0,0.0219748119702398,400
0,0,0.0218250620437013,401
0,0,0.0216780145190089,402
0,0,0.0215336216970482,403
0,0,0.0213918366819471,404
0,0,0.0212526133689606,405
0,0,0.0211159064324821,406
0,0,0.0209816713141884,407
0,0,0.0208498642113154,408
0,0,0.0207204420650644,409
0,0,0.0205933625491431,410
0,0,0.0204685840584372,411
0,0,0.0203460656978164,412
0,0,0.0202257672710726,413
0,0,0.0201076492699921,414
0,0,0.0199916728635595,415
0,0,0.0198777998872961,416
0,0,0.0197659928327292,417
0,0,0.0196562148369961,418
0,0,0.019548429672578,419
0,0,0.0194426017371677,420
0,0,0.0193386960436667,421
0,0,0.0192366782103145,422
0,0,0.0191365144509473,423
0,0,0.019038171565387,424
0,0,0.018941616929958,425
0,0,0.0188468184881339,426
0,0,0.0187537447413095,427
0,0,0.0186623647397021,428
0,0,0.0185726480733758,429
0,0,0.018484564863393,430
0,0,0.0183980857530892,431
0,0,0.0183131818994705,432
0,0,0.0182298249647341,433
0,0,0.0181479871079092,434
0,0,0.0180676409766192,435
0,0,0.0179887596989613,436
0,0,0.0179113168755064,437
0,0,0.0178352865714142,438
0,0,0.0177606433086653,439
0,0,0.0176873620584076,440
0,0,0.0176154182334168,441
0,0,0.017544787680669,442
0,0,0.0174754466740251,443
0,0,0.0174073719070258,444
0,0,0.0173405404857947,445
0,0,0.0172749299220503,446
0,0,0.0172105181262241,447
0,0,0.0171472834006846,448
0,0,0.017085204433066,449
0,0,0.0170242602896989,450
0,0,0.0169644304091442,451
0,0,0.0169056945958271,452
0,0,0.0168480330137708,453
0,0,0.0167914261804285,454
0,0,0.0167358549606133,455
0,0,0.0166813005605218,456
0,0,0.0166277445218557,457
0,0,0.0165751687160339,458
0,0,0.0165235553384993,459
0,0,0.0164728869031149,460
0,0,0.0164231462366514,461
0,0,0.016374316473362,462
0,0,0.016326381049646,463
0,0,0.0162793236987991,464
0,0,0.0162331284458479,465
0,0,0.016187779602468,466
0,0,0.0161432617619873,467
0,0,0.0160995597944698,468
0,0,0.0160566588418785,469
0,0,0.0160145443133212,470
0,0,0.0159732018803713,471
0,0,0.015932617472469,472
0,0,0.0158927772723956,473
0,0,0.0158536677118257,474
0,0,0.0158152754669512,475
0,0,0.01577758745418,476
0,0,0.0157405908259046,477
0,0,0.0157042729663444,478
0,0,0.0156686214874538,479
0,0,0.0156336242249033,480
0,0,0.0155992692341247,481
0,0,0.015565544786425,482
0,0,0.0155324393651657,483
0,0,0.0154999416620062,484
0,0,0.0154680405732112,485
0,0,0.0154367251960212,486
0,0,0.0154059848250837,487
0,0,0.0153758089489465,488
0,0,0.01534618724661,489
0,0,0.0153171095841386,490
0,0,0.01528856601133,491
0,0,0.0152605467584424,492
0,0,0.0152330422329764,493
0,0,0.0152060430165141,494
0,0,0.0151795398616107,495
0,0,0.015153523688741,496
0,0,0.0151279855832984,497
0,0,0.015102916792645,498
0,0,0.0150783087232143,499
0,0,0.015054152937662,500
0,0,0.0150304411520686,501
0,0,0.0150071652331889,502
0,0,0.014984317195749,503
0,0,0.0149618891997928,504
0,0,0.0149398735480724,505
0,0,0.014918262683484,506
0,0,0.0148970491865509,507
0,0,0.014876225772948,508
0,0,0.0148557852910713,509
0,0,0.0148357207196488,510
0,0,0.0148160251653937,511
0,0,0.0147966918607001,512
0,0,0.0147777141613769,513
0,0,0.0147590855444232,514
0,0,0.0147407996058426,515
0,0,0.0147228500584955,516
0,0,0.0147052307299896,517
0,0,0.0146879355606083,518
0,0,0.014670958601274,519
0,0,0.0146542940115494,520
0,0,0.0146379360576728,521
0,0,0.0146218791106288,522
0,0,0.014606117644253,523
0,0,0.0145906462333705,524
0,0,0.0145754595519673,525
0,0,0.0145605523713939,526
0,0,0.0145459195586016,527
0,0,0.0145315560744099,528
0,0,0.0145174569718034,529
0,0,0.0145036173942618,530
0,0,0.0144900325741171,531
0,0,0.0144766978309414,532
0,0,0.0144636085699631,533
0,0,0.0144507602805115,534
0,0,0.0144381485344891,535
0,0,0.0144257689848719,536
0,0,0.0144136173642344,537
0,0,0.0144016894833046,538
0,0,0.0143899812295408,539
0,0,0.014378488565738,540
0,0,0.0143672075286551,541
0,0,0.0143561342276702,542
0,0,0.0143452648434588,543
0,0,0.0143345956266945,544
0,0,0.0143241228967752,545
0,0,0.0143138430405714,546
0,0,0.0143037525111952,547
0,0,0.0142938478267953,548
0,0,0.0142841255693696,549
0,0,0.014274582383602,550
0,0,0.0142652149757195,551
0,0,0.0142560201123679,552
0,0,0.0142469946195122,553
0,0,0.0142381353813513,554
0,0,0.0142294393392575,555
0,0,0.0142209034907312,556
0,0,0.0142125248883769,557
0,0,0.0142043006388967,558
0,0,0.0141962279021017,559
0,0,0.014188303889943,560
0,0,0.0141805258655568,561
0,0,0.014172891142332,562
0,0,0.0141653970829887,563
0,0,0.0141580410986781,564
0,0,0.0141508206480968,565
0,0,0.0141437332366167,566
0,0,0.0141367764154313,567
0,0,0.0141299477807187,568
0,0,0.0141232449728169,569
0,0,0.014116665675417,570
0,0,0.0141102076147687,571
0,0,0.0141038685589022,572
0,0,0.0140976463168633,573
0,0,0.0140915387379615,574
0,0,0.014085543711034,575
0,0,0.0140796591637206,576
0,0,0.0140738830617537,577
0,0,0.0140682134082606,578
0,0,0.0140626482430773,579
0,0,0.0140571856420777,580
0,0,0.0140518237165109,581
0,0,0.0140465606123553,582
0,0,0.0140413945096797,583
0,0,0.0140363236220199,584
0,0,0.0140313461957647,585
0,0,0.014026460509553,586
0,0,0.0140216648736834,587
0,0,0.0140169576295325,588
0,0,0.0140123371489853,589
0,0,0.014007801833876,590
0,0,0.0140033501154374,591
0,0,0.0139989804537629,592
0,0,0.013994691337276,593
0,0,0.0139904812822107,594
0,0,0.0139863488321005,595
0,0,0.013982292557279,596
0,0,0.0139783110543855,597
0,0,0.0139744029458846,598
0,0,0.0139705668795899,599
0,0,0.0139668015282002,600
0,0,0.0139631055888413,601
0,0,0.0139594777826184,602
0,0,0.013955916854175,603
0,0,0.0139524215712611,604
0,0,0.0139489907243082,605
0,0,0.0139456231260133,606
0,0,0.0139423176109293,607
0,0,0.0139390730350637,608
0,0,0.0139358882754845,609
0,0,0.0139327622299327,610
0,0,0.0139296938164428,611
0,0,0.0139266819729705,612
0,0,0.0139237256570248,613
0,0,0.0139208238453108,614
0,0,0.0139179755333747,615
0,0,0.0139151797352591,616
0,0,0.0139124354831625,617
0,0,0.0139097418271045,618
0,0,0.0139070978346001,619
0,0,0.0139045025903359,620
0,0,0.0139019551958562,621
0,0,0.0138994547692515,622
0,0,0.0138970004448554,623
0,0,0.013894591372945,624
0,0,0.013892226719448,625
0,0,0.013889905665655,626
0,0,0.0138876274079368,627
0,0,0.0138853911574668,628
0,0,0.0138831961399488,629
0,0,0.0138810415953501,630
0,0,0.0138789267776384,631
0,0,0.0138768509545243,632
0,0,0.0138748134072095,633
0,0,0.013872813430137,634
0,0,0.0138708503307484,635
0,0,0.0138689234292445,636
0,0,0.0138670320583506,637
0,0,0.0138651755630858,638
0,0,0.0138633533005366,639
0,0,0.0138615646396355,640
0,0,0.0138598089609423,641
0,0,0.0138580856564301,642
0,0,0.0138563941292756,643
0,0,0.0138547337936528,644
0,0,0.01385310407453,645
0,0,0.0138515044074721,646
0,0,0.0138499342384444,647
0,0,0.013848393023622,648
0,0,0.0138468802292013,649
0,0,0.0138453953312161,650
0,0,0.0138439378153552,651
0,0,0.0138425071767865,652
0,0,0.0138411029199806,653
0,0,0.0138397245585409,654
0,0,0.0138383716150345,655
0,0,0.0138370436208278,656
0,0,0.0138357401159239,657
0,0,0.0138344606488039,658
0,0,0.0138332047762709,659
0,0,0.013831972063296,660
0,0,0.0138307620828686,661
0,0,0.0138295744158488,662
0,0,0.0138284086508215,663
0,0,0.0138272643839552,664
0,0,0.0138261412188616,665
0,0,0.013825038766459,666
0,0,0.0138239566448372,667
0,0,0.0138228944791255,668
0,0,0.0138218519013636,669
0,0,0.0138208285503737,670
0,0,0.0138198240716356,671
0,0,0.0138188381171641,672
0,0,0.0138178703453888,673
0,0,0.013816920421036,674
0,0,0.013815988015012,675
0,0,0.0138150728042901,676
0,0,0.0138141744717982,677
0,0,0.0138132927063098,678
0,0,0.013812427202335,679
0,0,0.0138115776600163,680
0,0,0.0138107437850239,681
0,0,0.013809925288454,682
0,0,0.0138091218867291,683
0,0,0.0138083333014996,684
0,0,0.0138075592595471,685
0,0,0.013806799492691,686
0,0,0.0138060537376943,687
0,0,0.0138053217361735,688
0,0,0.0138046032345086,689
0,0,0.0138038979837555,690
0,0,0.0138032057395597,691
0,0,0.0138025262620723,692
0,0,0.013801859315866,693
0,0,0.0138012046698542,694
0,0,0.0138005620972113,695
0,0,0.0137999313752932,696
0,0,0.0137993122855614,697
0,0,0.0137987046135062,698
0,0,0.0137981081485732,699
0,0,0.0137975226840904,700
0,0,0.0137969480171963,701
0,0,0.0137963839487696,702
0,0,0.0137958302833605,703
0,0,0.0137952868291232,704
0,0,0.013794753397749,705
0,0,0.0137942298044018,706
0,0,0.013793715867653,707
0,0,0.0137932114094195,708
0,0,0.0137927162549023,709
0,0,0.0137922302325251,710
0,0,0.0137917531738753,711
0,0,0.0137912849136459,712
0,0,0.0137908252895779,713
0,0,0.0137903741424044,714
0,0,0.0137899313157952,715
0,0,0.0137894966563026,716
0,0,0.0137890700133089,717
0,0,0.0137886512389732,718
0,0,0.013788240188181,719
0,0,0.0137878367184939,720
0,0,0.0137874406900995,721
0,0,0.0137870519657645,722
0,0,0.0137866704107852,723
0,0,0.0137862958929421,724
0,0,0.0137859282824545,725
0,0,0.0137855674519344,726
0,0,0.0137852132763425,727
0,0,0.0137848656329463,728
0,0,0.0137845244012756,729
0,0,0.0137841894630822,730
0,0,0.0137838607022989,731
0,0,0.0137835380049978,732
0,0,0.0137832212593525,733
0,0,0.0137829103555993,734
0,0,0.0137826051859979,735
0,0,0.013782305644795,736
0,0,0.0137820116281878,737
0,0,0.0137817230342876,738
0,0,0.0137814397630843,739
0,0,0.0137811617164126,740
0,0,0.0137808887979173,741
0,0,0.0137806209130202,742
0,0,0.0137803579688871,743
0,0,0.013780099874396,744
0,0,0.0137798465401051,745
0,0,0.0137795978782224,746
0,0,0.0137793538025744,747
0,0,0.0137791142285774,748
0,0,0.0137788790732071,749
0,0,0.0137786482549707,750
0,0,0.0137784216938776,751
0,0,0.0137781993114132,752
0,0,0.0137779810305104,753
0,0,0.0137777667755236,754
0,0,0.013777556472202,755
0,0,0.0137773500476642,756
0,0,0.0137771474303732,757
0,0,0.0137769485501106,758
0,0,0.0137767533379538,759
0,0,0.0137765617262509,760
0,0,0.0137763736485974,761
0,0,0.0137761890398141,762
0,0,0.0137760078359233,763
0,0,0.0137758299741271,764
0,0,0.0137756553927864,765
0,0,0.0137754840313984,766
0,0,0.0137753158305759,767
0,0,0.0137751507320277,768
0,0,0.0137749886785372,769
0,0,0.0137748296139426,770
0,0,0.0137746734831187,771
0,0,0.0137745202319564,772
0,0,0.0137743698073447,773
0,0,0.013774222157152,774
0,0,0.0137740772302082,775
0,0,0.013773934976287,776
0,0,0.0137737953460884,777
0,0,0.0137736582912216,778
0,0,0.0137735237641881,779
0,0,0.0137733917183656,780
0,0,0.0137732621079918,781
0,0,0.0137731348881479,782
0,0,0.0137730100147441,783
0,0,0.0137728874445033,784
0,0,0.013772767134947,785
0,0,0.0137726490443795,786
0,0,0.0137725331318747,787
0,0,0.0137724193572609,788
0,0,0.0137723076811077,789
0,0,0.0137721980647117,790
0,0,0.013772090470083,791
0,0,0.0137719848599329,792
0,0,0.01377188119766,793
0,0,0.0137717794473382,794
0,0,0.013771679573704,795
0,0,0.013771581542144,796
0,0,0.0137714853186833,797
0,0,0.0137713908699741,798
0,0,0.0137712981632828,799
0,0,0.0137712071664801,800
0,0,0.013771117848029,801
0,0,0.0137710301769746,802
0,0,0.013770944122932,803
0,0,0.0137708596560776,804
0,0,0.0137707767471377,805
0,0,0.0137706953673781,806
0,0,0.0137706154885946,807
0,0,0.0137705370831037,808
0,0,0.013770460123732,809
0,0,0.0137703845838073,810
0,0,0.0137703104371497,811
0,0,0.0137702376580617,812
0,0,0.0137701662213201,813
0,0,0.0137700961021666,814
0,0,0.0137700272762996,815
0,0,0.0137699597198662,816
0,0,0.0137698934094527,817
0,0,0.0137698283220774,818
0,0,0.0137697644351831,819
0,0,0.0137697017266278,820
0,0,0.0137696401746783,821
0,0,0.0137695797580023,822
0,0,0.0137695204556607,823
0,0,0.0137694622471008,824
0,0,0.013769405112149,825
0,0,0.0137693490310032,826
0,0,0.0137692939842275,827
0,0,0.0137692399527438,828
0,0,0.0137691869178258,829
0,0,0.0137691348610932,830
0,0,0.0137690837645041,831
0,0,0.0137690336103494,832
0,0,0.0137689843812471,833
0,0,0.0137689360601355,834
0,0,0.0137688886302672,835
0,0,0.0137688420752045,836
0,0,0.0137687963788121,837
0,0,0.0137687515252528,838
0,0,0.0137687074989812,839
0,0,0.0137686642847389,840
0,0,0.0137686218675486,841
0,0,0.0137685802327094,842
0,0,0.0137685393657918,843
0,0,0.013768499252632,844
0,0,0.0137684598793275,845
0,0,0.0137684212322325,846
0,0,0.0137683832979527,847
0,0,0.0137683460633408,848
0,0,0.0137683095154921,849
0,0,0.0137682736417397,850
0,0,0.0137682384296509,851
0,0,0.0137682038670213,852
0,0,0.0137681699418726,853
0,0,0.013768136642447,854
0,0,0.0137681039572034,855
0,0,0.0137680718748139,856
0,0,0.0137680403841591,857
0,0,0.0137680094743254,858
0,0,0.0137679791345997,859
0,0,0.013767949354467,860
0,0,0.0137679201236061,861
0,0,0.0137678914318859,862
0,0,0.0137678632693629,863
0,0,0.0137678356262759,864
0,0,0.0137678084930448,865
0,0,0.0137677818602655,866
0,0,0.0137677557187076,867
0,0,0.0137677300593109,868
0,0,0.0137677048731825,869
0,0,0.0137676801515932,870
0,0,0.0137676558859751,871
0,0,0.013767632067918,872
0,0,0.0137676086891672,873
0,0,0.0137675857416198,874
0,0,0.0137675632173229,875
0,0,0.0137675411084697,876
0,0,0.0137675194073977,877
0,0,0.0137674981065861,878
0,0,0.0137674771986519,879
0,0,0.0137674566763493,880
0,0,0.0137674365325652,881
0,0,0.0137674167603182,882
0,0,0.0137673973527557,883
0,0,0.0137673783031514,884
0,0,0.0137673596049031,885
0,0,0.01376734125153,886
0,0,0.0137673232366715,887
0,0,0.0137673055540838,888
0,0,0.0137672881976383,889
0,0,0.0137672711613199,890
0,0,0.0137672544392239,891
0,0,0.0137672380255547,892
0,0,0.0137672219146235,893
0,0,0.0137672061008468,894
0,0,0.0137671905787439,895
0,0,0.0137671753429345,896
0,0,0.0137671603881387,897
0,0,0.0137671457091731,898
0,0,0.0137671313009506,899
0,0,0.0137671171584772,900
0,0,0.0137671032768515,901
0,0,0.0137670896512623,902
0,0,0.0137670762769871,903
0,0,0.0137670631493909,904
0,0,0.0137670502639238,905
0,0,0.0137670376161195,906
0,0,0.0137670252015951,907
0,0,0.0137670130160477,908
0,0,0.013767001055254,909
0,0,0.0137669893150683,910
0,0,0.013766977791422,911
0,0,0.0137669664803211,912
0,0,0.0137669553778454,913
0,0,0.0137669444801468,914
0,0,0.0137669337834485,915
0,0,0.0137669232840432,916
0,0,0.0137669129782918,917
0,0,0.0137669028626226,918
0,0,0.0137668929335298,919
0,0,0.013766883187572,920
0,0,0.0137668736213714,921
0,0,0.0137668642316127,922
0,0,0.0137668550150413,923
0,0,0.013766845968463,924
0,0,0.0137668370887423,925
0,0,0.013766828372802,926
0,0,0.0137668198176207,927
0,0,0.0137668114202338,928
0,0,0.0137668031777308,929
0,0,0.0137667950872549,930
0,0,0.0137667871460021,931
0,0,0.0137667793512201,932
0,0,0.0137667717002072,933
0,0,0.0137667641903118,934
0,0,0.0137667568189312,935
0,0,0.0137667495835105,936
0,0,0.0137667424815421,937
0,0,0.0137667355105644,938
0,0,0.0137667286681616,939
0,0,0.0137667219519619,940
0,0,0.0137667153596378,941
0,0,0.0137667088889045,942
0,0,0.0137667025375193,943
0,0,0.013766696303281,944
0,0,0.0137666901840289,945
0,0,0.0137666841776419,946
0,0,0.0137666782820386,947
0,0,0.0137666724951756,948
0,0,0.0137666668150471,949
0,0,0.0137666612396846,950
0,0,0.0137666557671557,951
0,0,0.0137666503955639,952
0,0,0.0137666451230473,953
0,0,0.0137666399477785,954
0,0,0.0137666348679639,955
0,0,0.0137666298818431,956
0,0,0.0137666249876877,957
0,0,0.0137666201838015,958
0,0,0.0137666154685198,959
0,0,0.0137666108402079,960
0,0,0.013766606297262,961
0,0,0.0137666018381079,962
0,0,0.0137665974611995,963
0,0,0.0137665931650199,964
0,0,0.0137665889480807,965
0,0,0.0137665848089199,966
0,0,0.013766580746103,967
0,0,0.013766576758222,968
0,0,0.0137665728438946,969
0,0,0.0137665690017642,970
0,0,0.0137665652304994,971
0,0,0.0137665615287926,972
0,0,0.0137665578953615,973
0,0,0.0137665543289465,974
0,0,0.0137665508283115,975
0,0,0.0137665473922431,976
0,0,0.0137665440195508,977
0,0,0.0137665407090652,978
0,0,0.0137665374596395,979
0,0,0.0137665342701471,980
0,0,0.0137665311394827,981
0,0,0.0137665280665611,982
0,0,0.0137665250503175,983
0,0,0.0137665220897064,984
0,0,0.0137665191837018,985
0,0,0.0137665163312962,986
0,0,0.0137665135315015,987
0,0,0.0137665107833469,988
0,0,0.0137665080858801,989
0,0,0.0137665054381662,990
0,0,0.0137665028392877,991
0,0,0.0137665002883435,992
0,0,0.0137664977844498,993
0,0,0.0137664953267387,994
0,0,0.0137664929143584,995
0,0,0.0137664905464726,996
0,0,0.013766488222261,997
0,0,0.0137664859409178,998
0,0,0.0137664837016525,999
0,0,0.0137664815036888,1000
